nb_neurones,activation,alpha,hidden_layer_sizes,learning_rate_init,global_mean_score,global_std_score,best_score_innerCV,best_score_innerCV,best_score_innerCV,r2_noAD,r2_strict,r2_soft
200,relu,0.0369986792048908,"(100, 100)",0.0002513701074476,0.675813487784076,0.0743913244506628,0.5663997732552439,,1,0.6959442468532326,0.7314065865141807,0.7095033445136468
50,relu,1.795698422567761e-05,"(8, 7, 7, 7, 7, 7, 7)",0.0047354909465785,0.6683808608939991,0.0680211735181953,0.5668116133185186,,1,0.6931098646221272,0.7073454663720615,0.7062564992632889
100,relu,1.5519027787994336e-05,"(10, 10, 10, 10, 10, 10, 10, 10, 10, 10)",0.0002653937643936,0.6495026547830651,0.0549732434708368,0.5673453355701249,,1,0.6768958962044139,0.671122506199061,0.6826468811586608
5000,relu,7.602635868455898e-05,"(500, 500, 500, 500, 500, 500, 500, 500, 500, 500)",0.0011178209200698,0.6681715506948602,0.068216256964622,0.5754156667184035,,1,0.6630224713129923,0.7335178602820784,0.7007302044659667
50,relu,1.9870215385428627e-05,"(8, 7, 7, 7, 7, 7, 7)",0.0004938623547724,0.6493473262382818,0.0510205096699192,0.5739060781062681,,1,0.6625802697304475,0.68243237793349,0.6784705791829218
500,relu,0.0040536387047423,"(56, 56, 56, 56, 56, 55, 55, 55, 55)",5.054765477258722e-05,0.6625480032470399,0.04387570046144535,0.6051690571566622,0.012614164057490444,2,0.655613159846644,0.7029410434702485,0.6864687525146045
100,relu,0.0067209300501561,"(34, 33, 33)",0.0144777863069286,0.6513559470973322,0.0442445179273567,0.5878845106970151,,1,0.6546362976364085,0.6847579044693237,0.6781450755865817
200,relu,0.0728665373749104,"(100, 100)",0.0003480695326785,0.6700505617531651,0.0600515830350553,0.593609869864491,,1,0.6517858013486344,0.7262699580459968,0.7085366177535386
5000,tanh,0.0011040511903162,"(556, 556, 556, 556, 556, 555, 555, 555, 555)",0.0008696007095406,0.6165057551011522,0.0407827775297526,0.5559964756872718,,1,0.6451308466671454,0.6330114754153868,0.6318842226348049
1000,relu,0.0005421044225547,"(100, 100, 100, 100, 100, 100, 100, 100, 100, 100)",2.059802236544964e-05,0.6579402689516903,0.04904588066732485,0.602121599109471,0.01458013854001751,2,0.6399942361202728,0.7051933984472663,0.6844518421297511
10,tanh,0.0007606809457649,"(5, 5)",0.0034207303670092,0.6291517971468252,0.0445720773542017,0.5659752056609454,,1,0.6304528819221077,0.6652250417295533,0.6549540592746947
10,tanh,0.00187600682203,"(4, 3, 3)",0.0035101887722336,0.6428850556887508,0.05784674739109937,0.5794521264291407,0.01820521789007075,3,0.6268342437955631,0.7049017311888236,0.6603521213414756
50,relu,7.602635868455898e-05,"(5, 5, 5, 5, 5, 5, 5, 5, 5, 5)",0.0011178209200698,0.6503921399603684,0.0675828980764082,0.5816972618491844,,1,0.6193270996367748,0.7392740264708082,0.661270171884706
10000,relu,0.0020305586522289,"(10000,)",6.039096247545784e-05,0.6170829812263001,0.05041927501189745,0.5603851782392197,0.011829394785882526,2,0.6170687982041544,0.6567205517671016,0.6341573966947248
200,relu,0.0110443508471246,"(20, 20, 20, 20, 20, 20, 20, 20, 20, 20)",8.789004341405474e-05,0.6377779907620098,0.0283797026593046,0.6106859268017567,,1,0.6165883720001131,0.6677361447736772,0.6561015194724924
50,tanh,1.007198483880919e-05,"(10, 10, 10, 10, 10)",0.0029507066707905,0.6259468319673476,0.023709073748135,0.6040038074145887,,1,0.6093453026762239,0.6548734373782238,0.6355647804003539
2000,relu,0.0009925982828198,"(500, 500, 500, 500)",1.251018885016443e-05,0.6463678476504113,0.0597668920315887,0.5925784829167422,0.0164361156283717,2,0.6049579113263629,0.7120051725406077,0.6759298238179325
200,tanh,0.0005019072833961,"(34, 34, 33, 33, 33, 33)",0.0015375920235481,0.6509233460047257,0.0821441771127712,0.5772507179789512,,1,0.6035402706504507,0.7626515096563522,0.6602508857331488
100,tanh,0.0014071153761525,"(20, 20, 20, 20, 20)",0.0012273630375458,0.6243713951434793,0.0262204681828372,0.6058387643477806,,1,0.5987143034294719,0.6529634984289352,0.6399690143677292
100,relu,0.0369986792048908,"(50, 50)",0.0002513701074476,0.6327887969822181,0.0551084751735424,0.5840092897947817,,1,0.5963061625202606,0.7051317574287836,0.6457079781850463
2000,relu,0.0027928965107992,"(200, 200, 200, 200, 200, 200, 200, 200, 200, 200)",1.048912959181851e-05,0.630959585049498,0.0740820603008548,0.5610462770462479,,1,0.5894298893818505,0.7293548328153071,0.6440073409545866
1000,relu,4.809461967501571e-05,"(143, 143, 143, 143, 143, 143, 142)",1.1299516083106612e-05,0.6345441558150393,0.0666154319531676,0.5800081491936895,,1,0.5860859537953111,0.7226921158891052,0.6493904043820512
5000,relu,1.5519027787994336e-05,"(500, 500, 500, 500, 500, 500, 500, 500, 500, 500)",0.0002653937643936,0.6108741728120892,0.0348750995343644,0.599453392807744,,1,0.581359361861957,0.6614201839766791,0.6012637526019766
5000,relu,0.0020305586522289,"(5000,)",6.039096247545784e-05,0.6125600096797065,0.0528491141478546,0.5691242336698984,,1,0.576407215660286,0.6841208274450423,0.6205877619435993
2000,relu,0.0423949147386976,"(2000,)",8.160948743089913e-05,0.6087813553863078,0.051144756105725,0.5681761143342988,,1,0.5724846610476193,0.6782498082885269,0.6162148378747864
10000,relu,0.0006071989493441,"(1429, 1429, 1429, 1429, 1428, 1428, 1428)",1.7073967431528103e-05,0.6047046316287397,0.0373433310319942,0.5941694494726327,,1,0.5591829671520328,0.647381878971253,0.6180842309190404
500,relu,0.0050438303217933,"(56, 56, 56, 56, 56, 55, 55, 55, 55)",2.8437674894443664e-05,0.6177973764169186,0.09582433716790002,0.615374094965866,0.04344439616953051,3,0.5445557509277511,0.6742830783760047,0.6369765813980525
1000,relu,0.0027928965107992,"(100, 100, 100, 100, 100, 100, 100, 100, 100, 100)",1.048912959181851e-05,0.584812167109295,0.10277699320689544,0.6130639758905341,0.045727708508754725,2,0.49036783637686576,0.6232854288900592,0.6125314272797207
10000,relu,1.97778285124627e-05,"(1429, 1429, 1429, 1429, 1428, 1428, 1428)",0.0040207595487498,0.6216209710228011,0.1235172795146847,0.5882388178315884,,1,0.4769129134506306,0.7733426404187276,0.647989512390258
200,relu,0.0014648457497911,"(20, 20, 20, 20, 20, 20, 20, 20, 20, 20)",0.0001075886630676,0.5046447215462286,0.1663122917391523,0.634631931454436,,1,0.2622301691104117,0.583195486447061,0.5385212991730062
10000,tanh,0.0003666421832063,"(5000, 5000)",0.0044677528179739,0.4796590505713511,0.1565936201487631,0.6196241897794545,,1,0.2554353363156343,0.5304027925522058,0.5131738836381097
50,relu,1.97778285124627e-05,"(8, 7, 7, 7, 7, 7, 7)",0.0040207595487498,0.4701784255113337,0.1625059425607845,0.6348886647004354,,1,0.2462087036405845,0.5092103408099966,0.4904059928943184
10,tanh,0.0011619873314872,"(4, 3, 3)",0.0151615910756717,0.4815520088790936,0.1710915684219768,0.6429039075423436,,1,0.24020759238337,0.5345099483343194,0.5085865872563413
100,tanh,6.849752356701299e-05,"(17, 17, 17, 17, 16, 16)",0.0002720114122032,0.4705718251066164,0.1713942670256854,0.6384200309996404,,1,0.2328403856513518,0.5278393642010415,0.483187519574432
2000,relu,0.0001534760363311,"(200, 200, 200, 200, 200, 200, 200, 200, 200, 200)",0.0173961674228469,0.4627548543183807,0.1696245984850991,0.6339165924902094,,1,0.2282088744535494,0.4949831194734646,0.4939108308562996
5000,relu,1.4942218644908236e-05,"(1000, 1000, 1000, 1000, 1000)",0.0341960614682704,0.466350833565592,0.1906133236156538,0.6182671870873937,,1,0.190444266551736,0.5608306960424453,0.4958611845807931
